project,text_id,token_count,lemmatized,line_count
saao_saa01,P224395,129,71,39
saao_saa01,P224403,30,27,11
saao_saa01,P224417,183,116,42
saao_saa01,P224431,136,116,36
saao_saa01,P224433,298,98,38
saao_saa01,P224447,85,83,35
saao_saa01,P224485,415,393,71
saao_saa01,P224487,206,125,29
saao_saa01,P224587,63,27,13
saao_saa01,P313416,138,51,17
saao_saa01,P313417,248,180,27
saao_saa01,P313425,249,231,29
saao_saa01,P313427,145,95,22
saao_saa01,P313435,61,59,13
saao_saa01,P313437,49,37,15
saao_saa01,P313439,155,122,20
saao_saa01,P313447,100,87,16
saao_saa01,P313458,178,136,16
saao_saa01,P313487,246,90,35
saao_saa01,P313491,178,118,22
saao_saa01,P313497,28,19,7
saao_saa01,P313502,101,56,29
saao_saa01,P313505,90,25,16
saao_saa01,P313509,80,60,27
saao_saa01,P313511,114,38,27
saao_saa01,P313523,45,40,11
saao_saa01,P313527,85,47,18
saao_saa01,P313543,89,64,24
saao_saa01,P313551,68,43,12
saao_saa01,P313559,149,52,15
saao_saa01,P313571,190,127,35
saao_saa01,P313598,68,34,19
saao_saa01,P313600,35,20,13
saao_saa01,P313614,109,35,23
saao_saa01,P313623,43,36,15
saao_saa01,P313626,85,73,16
saao_saa01,P313627,33,17,11
saao_saa01,P313629,28,21,15
saao_saa01,P313644,786,121,44
saao_saa01,P313648,176,44,20
saao_saa01,P313660,78,31,13
saao_saa01,P313677,37,30,9
saao_saa01,P313684,36,27,13
saao_saa01,P313699,99,23,13
saao_saa01,P313719,101,9,8
saao_saa01,P313722,177,65,16
saao_saa01,P313726,104,32,16
saao_saa01,P313742,111,67,20
saao_saa01,P313748,150,56,29
saao_saa01,P313755,68,27,11
saao_saa01,P313759,110,27,10
saao_saa01,P313762,93,16,8
saao_saa01,P313807,61,20,18
saao_saa01,P313815,78,21,9
saao_saa01,P313832,102,30,14
saao_saa01,P313854,29,13,5
saao_saa01,P313864,52,25,13
saao_saa01,P313871,137,29,14
saao_saa01,P313874,28,24,10
saao_saa01,P313876,40,30,9
saao_saa01,P313878,61,39,14
saao_saa01,P313879,19,10,6
saao_saa01,P313885,93,22,11
saao_saa01,P313897,40,16,8
saao_saa01,P313904,23,15,7
saao_saa01,P313907,43,6,6
saao_saa01,P313915,63,20,8
saao_saa01,P313919,13,8,5
saao_saa01,P313923,139,36,20
saao_saa01,P313938,10,10,3
saao_saa01,P313947,24,5,5
saao_saa01,P313974,56,14,8
saao_saa01,P313975,42,19,8
saao_saa01,P314001,70,13,6
saao_saa01,P314003,41,26,10
saao_saa01,P314022,58,12,9
saao_saa01,P314026,120,41,19
saao_saa01,P314030,70,13,10
saao_saa01,P314032,36,20,7
saao_saa01,P314048,104,28,15
saao_saa01,P314051,53,21,9
saao_saa01,P314054,62,16,10
saao_saa01,P314056,46,9,8
saao_saa01,P314134,44,11,7
saao_saa01,P314144,30,21,11
saao_saa01,P314157,62,13,9
saao_saa01,P314211,41,12,5
saao_saa01,P314223,82,21,10
saao_saa01,P314227,105,31,17
saao_saa01,P314232,294,103,35
saao_saa01,P314238,39,21,17
saao_saa01,P314243,124,61,23
saao_saa01,P314248,27,14,5
saao_saa01,P314257,106,34,19
saao_saa01,P314260,30,5,5
saao_saa01,P314272,56,16,7
saao_saa01,P314273,56,33,12
saao_saa01,P314275,51,41,22
saao_saa01,P314282,126,12,21
saao_saa01,P314287,78,20,11
saao_saa01,P314297,123,48,24
saao_saa01,P314316,87,17,20
saao_saa01,P334036,96,67,15
saao_saa01,P334037,72,71,14
saao_saa01,P334038,81,81,17
saao_saa01,P334039,72,71,16
saao_saa01,P334040,97,95,19
saao_saa01,P334041,139,105,20
saao_saa01,P334042,43,32,15
saao_saa01,P334043,59,56,14
saao_saa01,P334044,110,90,28
saao_saa01,P334045,21,20,9
saao_saa01,P334046,143,46,27
saao_saa01,P334047,97,64,24
saao_saa01,P334048,229,132,36
saao_saa01,P334049,105,86,18
saao_saa01,P334050,130,112,19
saao_saa01,P334051,96,74,17
saao_saa01,P334053,46,23,10
saao_saa01,P334054,41,27,10
saao_saa01,P334055,87,59,19
saao_saa01,P334056,99,50,21
saao_saa01,P334078,127,82,33
saao_saa01,P334079,86,79,33
saao_saa01,P334080,73,61,15
saao_saa01,P334081,44,42,13
saao_saa01,P334082,27,19,7
saao_saa01,P334083,44,41,14
saao_saa01,P334100,135,130,22
saao_saa01,P334101,22,21,9
saao_saa01,P334102,49,28,11
saao_saa01,P334113,151,138,22
saao_saa01,P334118,56,54,14
saao_saa01,P334120,34,34,10
saao_saa01,P334124,54,54,12
saao_saa01,P334125,46,43,14
saao_saa01,P334127,28,20,8
saao_saa01,P334135,213,159,26
saao_saa01,P334136,73,71,16
saao_saa01,P334141,97,95,24
saao_saa01,P334142,222,201,29
saao_saa01,P334143,288,284,35
saao_saa01,P334144,29,29,7
saao_saa01,P334158,86,86,25
saao_saa01,P334160,38,31,13
saao_saa01,P334165,39,37,13
saao_saa01,P334166,33,33,14
saao_saa01,P334170,96,69,23
saao_saa01,P334171,32,23,9
saao_saa01,P334172,57,35,14
saao_saa01,P334173,49,19,9
saao_saa01,P334174,60,31,15
saao_saa01,P334175,31,13,6
saao_saa01,P334176,10,10,3
saao_saa01,P334190,31,16,8
saao_saa01,P334193,92,88,19
saao_saa01,P334194,12,12,7
saao_saa01,P334195,144,124,21
saao_saa01,P334209,45,44,12
saao_saa01,P334210,49,25,12
saao_saa01,P334211,73,46,18
saao_saa01,P334212,38,28,17
saao_saa01,P334213,109,63,21
saao_saa01,P334214,40,34,10
saao_saa01,P334271,46,45,14
saao_saa01,P334272,67,48,16
saao_saa01,P334273,34,32,9
saao_saa01,P334284,109,107,21
saao_saa01,P334288,30,29,13
saao_saa01,P334298,142,119,20
saao_saa01,P334314,133,101,18
saao_saa01,P334317,67,47,8
saao_saa01,P334328,128,87,19
saao_saa01,P334329,22,16,6
saao_saa01,P334330,55,43,16
saao_saa01,P334331,63,44,16
saao_saa01,P334332,89,78,29
saao_saa01,P334333,147,134,35
saao_saa01,P334334,70,42,12
saao_saa01,P334335,36,27,8
saao_saa01,P334336,35,30,8
saao_saa01,P334359,57,57,15
saao_saa01,P334372,157,121,20
saao_saa01,P334384,39,34,13
saao_saa01,P334385,107,61,20
saao_saa01,P334390,321,221,44
saao_saa01,P334394,96,48,25
saao_saa01,P334396,66,61,15
saao_saa01,P334397,49,34,15
saao_saa01,P334403,63,41,21
saao_saa01,P334422,136,114,29
saao_saa01,P334432,41,36,23
saao_saa01,P334435,111,56,26
saao_saa01,P334442,117,101,28
saao_saa01,P334443,76,54,13
saao_saa01,P334444,28,22,10
saao_saa01,P334445,21,18,10
saao_saa01,P334496,164,87,24
saao_saa01,P334499,74,74,18
saao_saa01,P334512,29,16,7
saao_saa01,P334519,118,69,19
saao_saa01,P334520,48,43,17
saao_saa01,P334567,75,62,15
saao_saa01,P334568,88,63,24
saao_saa01,P334586,371,180,40
saao_saa01,P334587,140,86,22
saao_saa01,P334588,82,62,15
saao_saa01,P334592,37,32,11
saao_saa01,P334598,60,38,21
saao_saa01,P334610,56,41,15
saao_saa01,P334621,96,67,14
saao_saa01,P334631,50,25,14
saao_saa01,P334632,97,22,12
saao_saa01,P334634,37,23,9
saao_saa01,P334643,59,33,14
saao_saa01,P334644,53,45,15
saao_saa01,P334658,67,37,15
saao_saa01,P334665,71,35,12
saao_saa01,P334667,30,20,12
saao_saa01,P334676,65,65,17
saao_saa01,P334687,79,48,22
saao_saa01,P334689,78,25,14
saao_saa01,P334693,134,90,19
saao_saa01,P334699,49,35,14
saao_saa01,P334709,61,24,6
saao_saa01,P334715,150,109,22
saao_saa01,P334718,182,105,36
saao_saa01,P334721,97,67,21
saao_saa01,P334727,58,50,19
saao_saa01,P334728,82,70,16
saao_saa01,P334729,108,46,19
saao_saa01,P334739,23,17,10
saao_saa01,P334773,250,116,24
saao_saa01,P334774,180,74,21
saao_saa01,P334776,95,81,33
saao_saa01,P334789,53,53,9
saao_saa01,P334791,112,63,12
saao_saa01,P334792,62,46,20
saao_saa01,P334794,43,23,14
saao_saa01,P334804,38,30,12
saao_saa01,P334807,73,54,24
saao_saa01,P334810,35,27,10
saao_saa01,P334820,153,115,23
saao_saa01,P334826,54,32,19
saao_saa01,P334830,239,159,44
saao_saa01,P334834,234,103,17
saao_saa01,P334849,201,53,14
saao_saa01,P334864,150,84,22
saao_saa01,P334895,52,30,12
saao_saa01,P334903,192,143,30
saao_saa01,P334904,69,38,18
saao_saa01,P334910,110,95,20
saao_saa01,P334912,18,13,9
saao_saa01,P334918,244,74,24
saao_saa01,P334922,137,27,11
saao_saa01,P334923,17,12,4
saao_saa01,P336167,177,45,24
saao_saa01,P336172,15,7,3
saao_saa01,P336595,43,16,6
saao_saa01,P336596,31,21,7
saao_saa01,P336597,43,21,9
saao_saa01,P393855,111,42,16
saao_saa01,P393866,90,69,17
saao_saa01,P428858,68,20,10
saao_saa05,P224392,77,77,15
saao_saa05,P224439,125,85,23
saao_saa05,P224586,117,59,21
saao_saa05,P224650,55,9,7
saao_saa05,P313419,179,60,20
saao_saa05,P313422,51,39,18
saao_saa05,P313445,125,37,12
saao_saa05,P313448,99,89,17
saao_saa05,P313450,170,86,23
saao_saa05,P313451,157,56,23
saao_saa05,P313452,493,223,32
saao_saa05,P313453,149,98,30
saao_saa05,P313455,36,29,10
saao_saa05,P313457,104,66,27
saao_saa05,P313462,285,178,48
saao_saa05,P313469,100,32,14
saao_saa05,P313471,75,74,18
saao_saa05,P313473,171,55,17
saao_saa05,P313474,141,111,36
saao_saa05,P313478,82,42,14
saao_saa05,P313480,107,94,18
saao_saa05,P313494,71,48,18
saao_saa05,P313500,74,37,20
saao_saa05,P313510,500,207,38
saao_saa05,P313513,55,31,10
saao_saa05,P313514,55,37,14
saao_saa05,P313516,411,170,37
saao_saa05,P313529,47,35,15
saao_saa05,P313537,52,11,6
saao_saa05,P313539,147,27,22
saao_saa05,P313540,95,58,23
saao_saa05,P313541,136,59,33
saao_saa05,P313542,31,17,8
saao_saa05,P313546,61,32,13
saao_saa05,P313547,209,109,34
saao_saa05,P313548,229,42,15
saao_saa05,P313550,40,12,6
saao_saa05,P313552,164,57,17
saao_saa05,P313553,189,96,26
saao_saa05,P313575,249,163,35
saao_saa05,P313578,63,18,12
saao_saa05,P313585,26,14,6
saao_saa05,P313587,178,100,18
saao_saa05,P313603,25,17,6
saao_saa05,P313607,63,22,11
saao_saa05,P313609,18,18,8
saao_saa05,P313612,132,57,16
saao_saa05,P313615,52,13,10
saao_saa05,P313616,115,42,24
saao_saa05,P313619,79,27,16
saao_saa05,P313625,94,35,20
saao_saa05,P313628,73,21,17
saao_saa05,P313630,45,35,10
saao_saa05,P313640,78,52,21
saao_saa05,P313655,48,13,8
saao_saa05,P313665,72,24,10
saao_saa05,P313672,58,19,10
saao_saa05,P313676,29,1,4
saao_saa05,P313679,61,27,11
saao_saa05,P313683,48,15,6
saao_saa05,P313686,30,5,5
saao_saa05,P313687,57,17,9
saao_saa05,P313695,66,15,6
saao_saa05,P313698,82,26,18
saao_saa05,P313720,162,41,21
saao_saa05,P313738,79,58,15
saao_saa05,P313739,64,37,14
saao_saa05,P313743,26,22,8
saao_saa05,P313750,68,32,14
saao_saa05,P313758,100,14,9
saao_saa05,P313761,42,24,10
saao_saa05,P313779,71,32,18
saao_saa05,P313803,57,14,8
saao_saa05,P313808,73,34,12
saao_saa05,P313812,52,18,7
saao_saa05,P313817,248,34,14
saao_saa05,P313820,38,22,10
saao_saa05,P313822,157,47,25
saao_saa05,P313827,54,32,17
saao_saa05,P313828,23,12,8
saao_saa05,P313833,142,8,11
saao_saa05,P313837,79,31,18
saao_saa05,P313840,83,18,10
saao_saa05,P313845,62,11,7
saao_saa05,P313853,54,20,9
saao_saa05,P313855,191,28,27
saao_saa05,P313858,65,20,9
saao_saa05,P313867,34,20,6
saao_saa05,P313883,40,26,10
saao_saa05,P313886,107,16,13
saao_saa05,P313891,47,23,12
saao_saa05,P313893,65,21,13
saao_saa05,P313898,190,22,24
saao_saa05,P313905,60,9,7
saao_saa05,P313922,17,13,4
saao_saa05,P313926,28,19,7
saao_saa05,P313930,25,18,7
saao_saa05,P313932,39,10,10
saao_saa05,P313940,91,8,9
saao_saa05,P313945,13,7,5
saao_saa05,P313965,15,3,3
saao_saa05,P313970,20,10,6
saao_saa05,P313981,44,7,8
saao_saa05,P313985,51,19,9
saao_saa05,P313990,18,10,4
saao_saa05,P313993,15,5,4
saao_saa05,P313995,32,12,5
saao_saa05,P313996,38,24,9
saao_saa05,P313997,43,6,7
saao_saa05,P313998,39,20,8
saao_saa05,P314027,44,7,6
saao_saa05,P314028,33,5,6
saao_saa05,P314029,66,22,6
saao_saa05,P314033,42,5,7
saao_saa05,P314037,90,41,12
saao_saa05,P314040,46,13,8
saao_saa05,P314041,86,17,7
saao_saa05,P314043,105,20,9
saao_saa05,P314049,58,26,11
saao_saa05,P314053,14,7,6
saao_saa05,P314063,52,10,9
saao_saa05,P314068,129,18,17
saao_saa05,P314070,104,25,9
saao_saa05,P314087,60,11,9
saao_saa05,P314088,111,14,10
saao_saa05,P314106,19,9,7
saao_saa05,P314108,27,8,5
saao_saa05,P314118,48,5,7
saao_saa05,P314136,62,10,8
saao_saa05,P314139,54,12,9
saao_saa05,P314140,109,13,10
saao_saa05,P314187,49,5,7
saao_saa05,P314189,5,5,2
saao_saa05,P314199,32,5,5
saao_saa05,P314205,32,15,7
saao_saa05,P314207,71,49,16
saao_saa05,P314208,30,6,5
saao_saa05,P314236,165,27,17
saao_saa05,P314245,144,30,16
saao_saa05,P314249,125,49,22
saao_saa05,P314256,9,5,3
saao_saa05,P314261,28,19,7
saao_saa05,P314265,87,14,8
saao_saa05,P314268,26,13,5
saao_saa05,P314281,101,44,13
saao_saa05,P314283,137,50,22
saao_saa05,P314291,67,18,12
saao_saa05,P314294,146,29,20
saao_saa05,P314300,96,48,22
saao_saa05,P314321,41,8,6
saao_saa05,P314323,182,44,21
saao_saa05,P314327,150,52,14
saao_saa05,P334060,85,72,19
saao_saa05,P334069,116,91,21
saao_saa05,P334070,25,25,11
saao_saa05,P334071,76,74,18
saao_saa05,P334072,21,21,9
saao_saa05,P334073,36,34,13
saao_saa05,P334084,118,113,21
saao_saa05,P334090,104,101,24
saao_saa05,P334091,53,49,18
saao_saa05,P334092,215,103,35
saao_saa05,P334093,109,69,27
saao_saa05,P334094,38,31,8
saao_saa05,P334137,47,41,16
saao_saa05,P334138,27,27,13
saao_saa05,P334139,108,91,18
saao_saa05,P334140,22,18,6
saao_saa05,P334145,41,41,12
saao_saa05,P334146,54,36,17
saao_saa05,P334149,59,58,15
saao_saa05,P334150,89,86,18
saao_saa05,P334151,36,33,12
saao_saa05,P334152,90,89,22
saao_saa05,P334157,82,48,17
saao_saa05,P334179,152,102,21
saao_saa05,P334180,70,68,16
saao_saa05,P334181,80,76,17
saao_saa05,P334182,45,35,16
saao_saa05,P334186,151,148,27
saao_saa05,P334187,160,156,24
saao_saa05,P334189,73,43,10
saao_saa05,P334197,61,46,18
saao_saa05,P334198,80,70,27
saao_saa05,P334199,132,114,32
saao_saa05,P334200,145,116,34
saao_saa05,P334205,139,117,20
saao_saa05,P334208,20,13,5
saao_saa05,P334222,117,116,18
saao_saa05,P334223,46,46,20
saao_saa05,P334256,45,44,13
saao_saa05,P334257,44,44,12
saao_saa05,P334263,133,107,39
saao_saa05,P334279,203,183,27
saao_saa05,P334280,70,69,16
saao_saa05,P334281,52,52,15
saao_saa05,P334282,37,37,13
saao_saa05,P334291,150,146,20
saao_saa05,P334296,47,26,12
saao_saa05,P334305,70,68,18
saao_saa05,P334308,71,68,20
saao_saa05,P334312,18,18,10
saao_saa05,P334318,102,73,13
saao_saa05,P334321,66,39,15
saao_saa05,P334322,244,164,28
saao_saa05,P334337,32,23,6
saao_saa05,P334338,33,18,8
saao_saa05,P334339,48,45,14
saao_saa05,P334347,124,117,23
saao_saa05,P334348,90,52,22
saao_saa05,P334349,22,18,7
saao_saa05,P334350,64,42,17
saao_saa05,P334351,41,32,15
saao_saa05,P334355,55,54,15
saao_saa05,P334357,45,44,14
saao_saa05,P334361,72,57,16
saao_saa05,P334369,121,115,25
saao_saa05,P334373,74,74,15
saao_saa05,P334388,156,122,33
saao_saa05,P334398,48,46,13
saao_saa05,P334401,52,22,18
saao_saa05,P334405,60,47,18
saao_saa05,P334410,33,15,11
saao_saa05,P334412,53,38,20
saao_saa05,P334439,75,34,21
saao_saa05,P334447,101,67,25
saao_saa05,P334497,51,38,11
saao_saa05,P334498,141,108,31
saao_saa05,P334518,57,40,15
saao_saa05,P334521,66,47,18
saao_saa05,P334528,157,47,26
saao_saa05,P334529,38,19,9
saao_saa05,P334534,52,51,15
saao_saa05,P334535,82,36,20
saao_saa05,P334538,24,14,8
saao_saa05,P334543,152,71,23
saao_saa05,P334544,42,34,11
saao_saa05,P334554,30,18,7
saao_saa05,P334555,233,156,27
saao_saa05,P334556,20,20,7
saao_saa05,P334557,21,10,3
saao_saa05,P334558,76,37,15
saao_saa05,P334559,45,23,11
saao_saa05,P334564,41,34,14
saao_saa05,P334595,73,60,23
saao_saa05,P334607,117,115,21
saao_saa05,P334612,92,69,18
saao_saa05,P334613,67,40,18
saao_saa05,P334615,28,21,8
saao_saa05,P334616,38,25,13
saao_saa05,P334617,21,12,5
saao_saa05,P334618,12,12,4
saao_saa05,P334625,29,11,8
saao_saa05,P334629,26,25,8
saao_saa05,P334633,69,35,17
saao_saa05,P334638,60,40,18
saao_saa05,P334642,39,32,10
saao_saa05,P334646,67,38,18
saao_saa05,P334656,25,25,10
saao_saa05,P334663,27,18,6
saao_saa05,P334664,60,49,18
saao_saa05,P334674,102,45,24
saao_saa05,P334679,28,21,8
saao_saa05,P334688,84,37,14
saao_saa05,P334694,83,42,14
saao_saa05,P334698,88,45,18
saao_saa05,P334705,113,84,30
saao_saa05,P334713,92,52,12
saao_saa05,P334723,70,37,9
saao_saa05,P334725,110,49,15
saao_saa05,P334772,307,105,43
saao_saa05,P334782,107,80,22
saao_saa05,P334783,153,82,29
saao_saa05,P334786,47,33,13
saao_saa05,P334793,51,37,14
saao_saa05,P334821,9,8,6
saao_saa05,P334825,261,143,25
saao_saa05,P334831,118,77,13
saao_saa05,P334836,41,21,11
saao_saa05,P334839,42,29,12
saao_saa05,P334842,60,15,11
saao_saa05,P334848,28,17,11
saao_saa05,P334863,24,19,7
saao_saa05,P334865,104,72,30
saao_saa05,P334887,34,34,10
saao_saa05,P334888,9,9,4
saao_saa05,P334892,73,29,17
saao_saa05,P334894,148,52,28
saao_saa05,P334896,50,17,12
saao_saa05,P334921,128,29,20
saao_saa05,P336169,73,46,18
saao_saa05,P336178,21,20,10
saao_saa05,P336635,33,18,8
saao_saa05,P336636,50,14,11
saao_saa05,P337150,108,105,20
saao_saa05,P337151,57,50,17
saao_saa05,P393858,298,145,52
saao_saa05,P397189,88,40,14
saao_saa15,P224449,299,161,22
saao_saa15,P237089,45,29,10
saao_saa15,P238649,49,26,7
saao_saa15,P313420,118,75,30
saao_saa15,P313421,53,29,12
saao_saa15,P313434,117,64,17
saao_saa15,P313442,135,64,21
saao_saa15,P313444,142,24,10
saao_saa15,P313454,82,43,14
saao_saa15,P313470,178,71,30
saao_saa15,P313476,104,90,20
saao_saa15,P313477,371,100,43
saao_saa15,P313479,37,21,8
saao_saa15,P313481,116,38,20
saao_saa15,P313482,24,15,8
saao_saa15,P313483,78,72,27
saao_saa15,P313486,69,17,12
saao_saa15,P313492,389,133,29
saao_saa15,P313496,95,33,17
saao_saa15,P313498,115,75,25
saao_saa15,P313501,114,34,12
saao_saa15,P313504,235,157,24
saao_saa15,P313506,117,45,15
saao_saa15,P313507,224,128,25
saao_saa15,P313508,133,48,13
saao_saa15,P313515,53,37,17
saao_saa15,P313517,86,21,14
saao_saa15,P313518,278,35,32
saao_saa15,P313560,117,41,13
saao_saa15,P313573,61,50,16
saao_saa15,P313576,116,51,21
saao_saa15,P313581,57,16,7
saao_saa15,P313586,72,29,18
saao_saa15,P313594,37,16,11
saao_saa15,P313595,20,8,9
saao_saa15,P313596,116,11,9
saao_saa15,P313601,75,26,17
saao_saa15,P313610,30,12,9
saao_saa15,P313613,14,13,9
saao_saa15,P313617,50,25,13
saao_saa15,P313618,16,11,5
saao_saa15,P313620,166,27,27
saao_saa15,P313622,90,21,7
saao_saa15,P313624,92,33,15
saao_saa15,P313632,51,33,18
saao_saa15,P313635,35,24,12
saao_saa15,P313637,88,13,11
saao_saa15,P313639,129,16,16
saao_saa15,P313643,94,23,14
saao_saa15,P313646,114,42,13
saao_saa15,P313647,59,35,13
saao_saa15,P313652,103,41,12
saao_saa15,P313653,180,84,22
saao_saa15,P313654,69,15,9
saao_saa15,P313657,249,28,28
saao_saa15,P313659,236,30,16
saao_saa15,P313666,92,15,11
saao_saa15,P313667,27,18,7
saao_saa15,P313673,105,27,16
saao_saa15,P313675,42,20,7
saao_saa15,P313680,34,18,10
saao_saa15,P313692,43,15,7
saao_saa15,P313700,121,47,19
saao_saa15,P313701,189,30,13
saao_saa15,P313702,44,27,14
saao_saa15,P313706,90,38,17
saao_saa15,P313710,44,17,15
saao_saa15,P313714,30,9,7
saao_saa15,P313716,76,28,15
saao_saa15,P313718,74,3,9
saao_saa15,P313721,207,40,29
saao_saa15,P313723,178,43,28
saao_saa15,P313725,162,47,19
saao_saa15,P313728,87,17,14
saao_saa15,P313729,35,13,8
saao_saa15,P313730,66,17,11
saao_saa15,P313733,54,17,9
saao_saa15,P313735,86,15,7
saao_saa15,P313737,74,19,7
saao_saa15,P313740,64,5,9
saao_saa15,P313747,111,55,25
saao_saa15,P313753,165,20,11
saao_saa15,P313754,61,14,10
saao_saa15,P313756,283,59,19
saao_saa15,P313757,30,19,7
saao_saa15,P313766,45,8,8
saao_saa15,P313769,91,16,13
saao_saa15,P313770,78,6,12
saao_saa15,P313772,78,13,7
saao_saa15,P313773,183,49,24
saao_saa15,P313774,152,28,23
saao_saa15,P313776,132,30,12
saao_saa15,P313777,110,29,15
saao_saa15,P313778,145,33,11
saao_saa15,P313781,50,11,7
saao_saa15,P313782,116,10,8
saao_saa15,P313783,88,17,15
saao_saa15,P313785,89,21,14
saao_saa15,P313788,106,43,20
saao_saa15,P313796,124,56,25
saao_saa15,P313798,31,7,6
saao_saa15,P313802,335,27,21
saao_saa15,P313806,19,13,8
saao_saa15,P313809,84,14,14
saao_saa15,P313810,103,45,23
saao_saa15,P313814,714,339,41
saao_saa15,P313821,67,21,10
saao_saa15,P313823,57,15,6
saao_saa15,P313829,50,13,9
saao_saa15,P313835,50,21,8
saao_saa15,P313844,73,24,11
saao_saa15,P313848,99,31,10
saao_saa15,P313849,68,16,9
saao_saa15,P313852,96,20,9
saao_saa15,P313856,48,25,10
saao_saa15,P313859,105,19,14
saao_saa15,P313860,110,14,10
saao_saa15,P313863,64,20,10
saao_saa15,P313866,48,20,7
saao_saa15,P313870,52,8,7
saao_saa15,P313872,143,11,9
saao_saa15,P313877,129,15,16
saao_saa15,P313880,134,20,21
saao_saa15,P313884,66,9,8
saao_saa15,P313887,86,15,14
saao_saa15,P313889,55,12,9
saao_saa15,P313892,101,18,9
saao_saa15,P313894,68,28,13
saao_saa15,P313895,114,16,13
saao_saa15,P313902,77,15,14
saao_saa15,P313903,35,16,8
saao_saa15,P313910,107,31,19
saao_saa15,P313911,36,21,11
saao_saa15,P313912,89,21,8
saao_saa15,P313916,70,10,9
saao_saa15,P313917,35,8,8
saao_saa15,P313920,59,11,9
saao_saa15,P313924,67,15,12
saao_saa15,P313931,29,3,6
saao_saa15,P313934,66,3,8
saao_saa15,P313937,45,10,8
saao_saa15,P313939,33,8,7
saao_saa15,P313942,56,27,7
saao_saa15,P313946,68,12,9
saao_saa15,P313949,46,17,8
saao_saa15,P313952,60,15,8
saao_saa15,P313955,27,12,5
saao_saa15,P313958,55,9,7
saao_saa15,P313961,59,9,9
saao_saa15,P313966,88,16,12
saao_saa15,P313969,75,6,6
saao_saa15,P313973,45,14,8
saao_saa15,P313976,59,17,9
saao_saa15,P313978,62,6,10
saao_saa15,P313980,85,24,15
saao_saa15,P313983,57,13,9
saao_saa15,P313984,44,6,7
saao_saa15,P313986,41,9,6
saao_saa15,P313988,54,7,5
saao_saa15,P313989,70,9,6
saao_saa15,P313992,86,6,8
saao_saa15,P314000,84,14,7
saao_saa15,P314004,24,6,4
saao_saa15,P314008,123,19,18
saao_saa15,P314011,120,17,17
saao_saa15,P314014,90,11,8
saao_saa15,P314016,27,5,5
saao_saa15,P314018,110,27,19
saao_saa15,P314019,52,19,9
saao_saa15,P314023,23,11,7
saao_saa15,P314036,31,6,4
saao_saa15,P314039,48,21,9
saao_saa15,P314042,53,15,9
saao_saa15,P314044,29,15,8
saao_saa15,P314046,17,9,5
saao_saa15,P314052,88,16,8
saao_saa15,P314061,81,18,7
saao_saa15,P314071,22,14,5
saao_saa15,P314073,28,4,5
saao_saa15,P314077,35,13,7
saao_saa15,P314079,39,6,5
saao_saa15,P314084,78,15,10
saao_saa15,P314086,67,10,7
saao_saa15,P314095,54,5,7
saao_saa15,P314096,73,9,5
saao_saa15,P314097,48,12,8
saao_saa15,P314100,63,10,9
saao_saa15,P314111,41,10,7
saao_saa15,P314116,34,2,5
saao_saa15,P314117,35,6,5
saao_saa15,P314120,31,5,4
saao_saa15,P314121,54,7,7
saao_saa15,P314126,35,7,6
saao_saa15,P314127,24,5,5
saao_saa15,P314128,96,10,9
saao_saa15,P314129,46,6,6
saao_saa15,P314135,21,5,4
saao_saa15,P314137,100,7,14
saao_saa15,P314143,49,5,7
saao_saa15,P314149,47,8,7
saao_saa15,P314151,67,23,13
saao_saa15,P314153,95,14,11
saao_saa15,P314155,30,12,6
saao_saa15,P314166,17,4,4
saao_saa15,P314167,64,8,9
saao_saa15,P314171,63,10,7
saao_saa15,P314175,113,17,16
saao_saa15,P314177,50,11,6
saao_saa15,P314180,26,10,5
saao_saa15,P314188,57,12,8
saao_saa15,P314195,46,10,7
saao_saa15,P314196,34,5,5
saao_saa15,P314200,71,5,6
saao_saa15,P314212,44,19,8
saao_saa15,P314214,37,13,6
saao_saa15,P314215,93,18,12
saao_saa15,P314218,99,12,14
saao_saa15,P314230,60,12,9
saao_saa15,P314231,32,16,5
saao_saa15,P314234,54,12,8
saao_saa15,P314241,106,12,7
saao_saa15,P314242,81,21,7
saao_saa15,P314244,108,42,14
saao_saa15,P314246,239,44,14
saao_saa15,P314251,152,18,11
saao_saa15,P314253,29,5,5
saao_saa15,P314254,34,5,6
saao_saa15,P314266,52,20,8
saao_saa15,P314274,159,25,15
saao_saa15,P314276,53,14,8
saao_saa15,P314278,75,29,9
saao_saa15,P314280,137,33,9
saao_saa15,P314286,178,39,12
saao_saa15,P314288,272,31,18
saao_saa15,P314289,125,17,9
saao_saa15,P314290,78,12,11
saao_saa15,P314292,96,31,16
saao_saa15,P314293,119,36,9
saao_saa15,P314295,17,17,6
saao_saa15,P314296,130,34,19
saao_saa15,P314298,105,35,13
saao_saa15,P314301,101,37,19
saao_saa15,P314302,118,46,17
saao_saa15,P314304,142,29,20
saao_saa15,P314311,26,18,10
saao_saa15,P314312,151,50,28
saao_saa15,P314320,42,5,7
saao_saa15,P314326,177,40,26
saao_saa15,P314328,19,9,7
saao_saa15,P314329,87,16,14
saao_saa15,P314336,79,14,12
saao_saa15,P314343,110,21,11
saao_saa15,P314384,60,11,8
saao_saa15,P334020,23,20,12
saao_saa15,P334074,76,76,16
saao_saa15,P334075,49,49,11
saao_saa15,P334076,167,135,36
saao_saa15,P334077,335,195,31
saao_saa15,P334097,30,30,12
saao_saa15,P334099,163,96,19
saao_saa15,P334103,83,83,21
saao_saa15,P334104,208,152,45
saao_saa15,P334105,42,32,10
saao_saa15,P334106,59,28,15
saao_saa15,P334107,57,32,14
saao_saa15,P334108,32,27,11
saao_saa15,P334109,29,21,9
saao_saa15,P334110,35,18,8
saao_saa15,P334111,69,67,14
saao_saa15,P334114,190,164,25
saao_saa15,P334115,83,54,19
saao_saa15,P334116,186,68,20
saao_saa15,P334117,18,18,9
saao_saa15,P334119,134,127,25
saao_saa15,P334155,181,144,26
saao_saa15,P334163,147,145,19
saao_saa15,P334167,39,37,9
saao_saa15,P334168,38,37,15
saao_saa15,P334169,24,19,9
saao_saa15,P334177,165,122,36
saao_saa15,P334178,182,118,41
saao_saa15,P334201,58,46,14
saao_saa15,P334202,102,73,26
saao_saa15,P334203,75,67,17
saao_saa15,P334204,43,27,17
saao_saa15,P334206,115,27,17
saao_saa15,P334258,60,59,15
saao_saa15,P334264,41,36,14
saao_saa15,P334302,190,130,27
saao_saa15,P334307,25,18,11
saao_saa15,P334316,131,128,21
saao_saa15,P334343,92,89,19
saao_saa15,P334344,170,164,24
saao_saa15,P334345,76,52,16
saao_saa15,P334346,41,32,12
saao_saa15,P334360,59,36,17
saao_saa15,P334367,80,80,18
saao_saa15,P334375,44,32,13
saao_saa15,P334377,139,55,28
saao_saa15,P334381,192,131,44
saao_saa15,P334386,136,109,38
saao_saa15,P334400,54,42,16
saao_saa15,P334411,55,31,11
saao_saa15,P334413,29,28,11
saao_saa15,P334415,41,35,17
saao_saa15,P334421,108,75,27
saao_saa15,P334441,134,79,17
saao_saa15,P334446,102,100,19
saao_saa15,P334483,224,201,30
saao_saa15,P334500,50,39,17
saao_saa15,P334501,46,31,12
saao_saa15,P334502,171,124,29
saao_saa15,P334504,107,53,26
saao_saa15,P334505,84,62,16
saao_saa15,P334507,69,26,12
saao_saa15,P334536,30,26,10
saao_saa15,P334537,30,24,13
saao_saa15,P334539,95,42,17
saao_saa15,P334540,84,77,16
saao_saa15,P334546,24,17,7
saao_saa15,P334561,61,41,18
saao_saa15,P334562,121,47,25
saao_saa15,P334563,29,21,7
saao_saa15,P334565,49,35,11
saao_saa15,P334583,37,37,12
saao_saa15,P334596,34,24,14
saao_saa15,P334606,155,110,26
saao_saa15,P334609,105,68,19
saao_saa15,P334622,44,25,9
saao_saa15,P334635,29,20,8
saao_saa15,P334648,40,23,15
saao_saa15,P334661,67,54,16
saao_saa15,P334668,17,13,10
saao_saa15,P334671,221,95,16
saao_saa15,P334673,167,90,30
saao_saa15,P334680,100,43,24
saao_saa15,P334683,113,65,22
saao_saa15,P334692,127,85,12
saao_saa15,P334695,218,125,20
saao_saa15,P334696,113,22,8
saao_saa15,P334697,89,73,14
saao_saa15,P334703,170,91,20
saao_saa15,P334704,50,31,14
saao_saa15,P334708,120,91,38
saao_saa15,P334710,145,87,33
saao_saa15,P334711,98,52,15
saao_saa15,P334716,152,62,25
saao_saa15,P334724,95,38,14
saao_saa15,P334726,76,50,17
saao_saa15,P334731,168,154,23
saao_saa15,P334771,199,36,18
saao_saa15,P334778,78,14,12
saao_saa15,P334779,91,36,12
saao_saa15,P334780,33,11,7
saao_saa15,P334781,75,34,17
saao_saa15,P334795,157,25,21
saao_saa15,P334805,175,34,16
saao_saa15,P334806,34,25,11
saao_saa15,P334822,60,8,7
saao_saa15,P334824,44,11,9
saao_saa15,P334835,65,33,9
saao_saa15,P334837,154,54,29
saao_saa15,P334841,31,22,9
saao_saa15,P334846,75,50,16
saao_saa15,P334847,436,131,30
saao_saa15,P334857,90,44,19
saao_saa15,P334858,170,100,24
saao_saa15,P334859,23,15,6
saao_saa15,P334861,72,35,13
saao_saa15,P334890,88,20,14
saao_saa15,P334905,94,44,20
saao_saa15,P334907,15,11,5
saao_saa15,P334909,52,17,12
saao_saa15,P334916,117,87,25
saao_saa15,P334917,270,123,36
saao_saa15,P334920,135,14,10
saao_saa15,P335930,16,10,4
saao_saa15,P336768,91,28,16
saao_saa15,P336769,38,13,5
saao_saa15,P336770,80,11,12
saao_saa15,P336771,39,14,9
saao_saa15,P336772,41,7,5
saao_saa15,P336773,18,5,4
saao_saa15,P336774,29,16,6
saao_saa15,P336775,41,8,5
saao_saa15,P336776,31,4,5
saao_saa15,P428978,126,91,29
saao_saa15,X150289,5,5,2
saao_saa16,P238494,67,29,8
saao_saa16,P313424,67,52,13
saao_saa16,P313428,113,80,17
saao_saa16,P313429,82,59,16
saao_saa16,P313431,138,124,30
saao_saa16,P313432,926,300,40
saao_saa16,P313440,116,87,30
saao_saa16,P313441,70,54,18
saao_saa16,P313459,73,44,17
saao_saa16,P313461,515,455,35
saao_saa16,P313468,139,40,25
saao_saa16,P313485,150,47,24
saao_saa16,P313488,116,44,17
saao_saa16,P313493,196,165,12
saao_saa16,P313495,316,59,24
saao_saa16,P313524,39,22,10
saao_saa16,P313528,17,14,5
saao_saa16,P313533,603,274,34
saao_saa16,P313549,45,25,7
saao_saa16,P313562,34,21,9
saao_saa16,P313563,369,204,51
saao_saa16,P313565,110,68,27
saao_saa16,P313566,147,70,29
saao_saa16,P313577,59,14,8
saao_saa16,P313593,44,37,7
saao_saa16,P313597,46,12,11
saao_saa16,P313604,34,12,5
saao_saa16,P313605,22,15,8
saao_saa16,P313631,62,23,9
saao_saa16,P313633,56,12,8
saao_saa16,P313641,277,128,28
saao_saa16,P313664,112,48,12
saao_saa16,P313668,121,13,6
saao_saa16,P313674,107,5,8
saao_saa16,P313678,5,4,2
saao_saa16,P313681,121,31,13
saao_saa16,P313685,40,5,6
saao_saa16,P313690,67,11,7
saao_saa16,P313693,62,6,6
saao_saa16,P313704,267,99,31
saao_saa16,P313707,8,8,4
saao_saa16,P313709,92,23,14
saao_saa16,P313724,108,26,15
saao_saa16,P313732,88,6,13
saao_saa16,P313765,128,26,17
saao_saa16,P313767,76,23,9
saao_saa16,P313768,63,5,8
saao_saa16,P313790,108,36,14
saao_saa16,P313791,45,7,10
saao_saa16,P313795,51,13,10
saao_saa16,P313805,68,53,15
saao_saa16,P313811,169,26,25
saao_saa16,P313841,32,21,7
saao_saa16,P313850,76,29,13
saao_saa16,P313869,175,15,22
saao_saa16,P313882,34,26,9
saao_saa16,P313888,162,18,12
saao_saa16,P313901,37,25,10
saao_saa16,P313918,49,26,10
saao_saa16,P313941,19,19,8
saao_saa16,P313950,19,12,3
saao_saa16,P313951,60,13,11
saao_saa16,P313953,123,18,21
saao_saa16,P313963,71,10,7
saao_saa16,P313982,43,18,8
saao_saa16,P314035,38,16,7
saao_saa16,P314038,160,35,11
saao_saa16,P314050,31,13,6
saao_saa16,P314055,29,3,3
saao_saa16,P314062,40,20,8
saao_saa16,P314064,51,16,8
saao_saa16,P314066,32,6,5
saao_saa16,P314067,59,15,5
saao_saa16,P314069,47,20,5
saao_saa16,P314080,41,6,5
saao_saa16,P314094,35,6,6
saao_saa16,P314099,102,2,12
saao_saa16,P314101,38,10,4
saao_saa16,P314104,53,10,10
saao_saa16,P314107,69,2,9
saao_saa16,P314109,27,2,4
saao_saa16,P314114,32,9,5
saao_saa16,P314115,32,14,6
saao_saa16,P314123,68,2,9
saao_saa16,P314124,12,6,4
saao_saa16,P314125,31,1,6
saao_saa16,P314141,134,20,9
saao_saa16,P314145,90,6,7
saao_saa16,P314154,53,7,6
saao_saa16,P314159,66,3,10
saao_saa16,P314161,132,23,11
saao_saa16,P314162,26,9,6
saao_saa16,P314165,33,9,9
saao_saa16,P314168,70,4,8
saao_saa16,P314174,43,13,7
saao_saa16,P314179,19,15,5
saao_saa16,P314182,61,9,13
saao_saa16,P314186,44,2,4
saao_saa16,P314190,19,3,3
saao_saa16,P314192,72,3,11
saao_saa16,P314202,45,8,8
saao_saa16,P314204,40,17,8
saao_saa16,P314222,78,9,9
saao_saa16,P314224,59,2,7
saao_saa16,P314264,37,11,7
saao_saa16,P314269,47,3,6
saao_saa16,P314271,56,13,8
saao_saa16,P314303,16,4,6
saao_saa16,P314319,73,9,8
saao_saa16,P314331,46,28,9
saao_saa16,P314339,215,149,26
saao_saa16,P314344,121,28,8
saao_saa16,P314345,68,44,12
saao_saa16,P314347,223,106,19
saao_saa16,P314349,171,38,29
saao_saa16,P314359,55,26,12
saao_saa16,P314361,49,27,12
saao_saa16,P314363,213,18,12
saao_saa16,P314367,68,36,11
saao_saa16,P314369,65,30,14
saao_saa16,P314370,39,11,6
saao_saa16,P314372,106,43,15
saao_saa16,P314379,266,105,37
saao_saa16,P314381,49,3,6
saao_saa16,P314385,186,48,12
saao_saa16,P314386,131,27,13
saao_saa16,P314387,23,1,4
saao_saa16,P334033,102,90,18
saao_saa16,P334034,69,68,14
saao_saa16,P334035,55,52,15
saao_saa16,P334086,65,63,16
saao_saa16,P334089,50,50,12
saao_saa16,P334112,36,36,9
saao_saa16,P334131,135,133,23
saao_saa16,P334132,45,45,12
saao_saa16,P334133,24,24,8
saao_saa16,P334134,25,23,9
saao_saa16,P334154,212,207,24
saao_saa16,P334161,66,65,9
saao_saa16,P334162,74,73,14
saao_saa16,P334191,52,16,6
saao_saa16,P334192,33,33,10
saao_saa16,P334196,47,47,7
saao_saa16,P334216,138,105,36
saao_saa16,P334221,38,38,13
saao_saa16,P334225,104,90,17
saao_saa16,P334265,51,51,12
saao_saa16,P334283,82,74,14
saao_saa16,P334285,78,78,16
saao_saa16,P334286,35,22,9
saao_saa16,P334292,37,37,14
saao_saa16,P334299,164,147,22
saao_saa16,P334306,126,92,22
saao_saa16,P334309,31,30,8
saao_saa16,P334310,19,19,6
saao_saa16,P334325,182,127,35
saao_saa16,P334352,34,30,14
saao_saa16,P334365,24,24,9
saao_saa16,P334366,23,16,6
saao_saa16,P334379,39,36,13
saao_saa16,P334382,124,89,15
saao_saa16,P334393,168,62,31
saao_saa16,P334402,38,27,15
saao_saa16,P334407,56,24,10
saao_saa16,P334408,42,22,12
saao_saa16,P334416,29,29,15
saao_saa16,P334425,15,9,6
saao_saa16,P334429,229,145,36
saao_saa16,P334433,128,105,32
saao_saa16,P334492,82,55,10
saao_saa16,P334495,66,21,13
saao_saa16,P334506,47,39,14
saao_saa16,P334517,14,14,4
saao_saa16,P334522,92,67,22
saao_saa16,P334533,67,59,15
saao_saa16,P334541,47,47,12
saao_saa16,P334545,60,30,12
saao_saa16,P334548,116,80,18
saao_saa16,P334549,46,28,11
saao_saa16,P334550,39,29,14
saao_saa16,P334551,167,86,37
saao_saa16,P334552,113,63,19
saao_saa16,P334589,173,82,25
saao_saa16,P334590,75,53,20
saao_saa16,P334599,99,74,25
saao_saa16,P334601,104,41,21
saao_saa16,P334602,137,42,20
saao_saa16,P334608,266,233,27
saao_saa16,P334623,453,164,17
saao_saa16,P334624,113,66,18
saao_saa16,P334627,59,39,13
saao_saa16,P334639,75,67,18
saao_saa16,P334640,47,30,13
saao_saa16,P334659,60,42,11
saao_saa16,P334662,38,30,11
saao_saa16,P334666,241,227,27
saao_saa16,P334670,30,22,8
saao_saa16,P334691,73,42,20
saao_saa16,P334700,43,23,14
saao_saa16,P334702,74,22,10
saao_saa16,P334707,68,47,16
saao_saa16,P334737,107,62,18
saao_saa16,P334740,84,73,24
saao_saa16,P334742,210,69,19
saao_saa16,P334749,85,27,11
saao_saa16,P334753,39,25,10
saao_saa16,P334758,27,16,6
saao_saa16,P334762,21,13,7
saao_saa16,P334765,37,25,11
saao_saa16,P334788,143,58,22
saao_saa16,P334808,99,58,15
saao_saa16,P334811,67,39,15
saao_saa16,P334812,84,37,19
saao_saa16,P334813,125,80,20
saao_saa16,P334816,157,121,32
saao_saa16,P334818,262,96,24
saao_saa16,P334819,91,70,26
saao_saa16,P334823,44,6,6
saao_saa16,P334833,243,78,17
saao_saa16,P334840,51,8,11
saao_saa16,P334844,227,136,29
saao_saa16,P334845,202,28,26
saao_saa16,P334850,185,41,16
saao_saa16,P334853,144,33,12
saao_saa16,P334855,126,29,17
saao_saa16,P334860,122,33,15
saao_saa16,P334862,102,52,19
saao_saa16,P334869,214,111,35
saao_saa16,P334884,24,15,6
saao_saa16,P334897,73,12,11
saao_saa16,P334898,173,54,27
saao_saa16,P334914,57,32,24
saao_saa16,P336177,125,93,20
saao_saa16,P336215,143,143,23
saao_saa16,P336777,100,21,9
saao_saa16,P336778,98,86,10
saao_saa16,P336779,39,17,8
saao_saa16,P336780,57,14,7
saao_saa16,P336781,48,4,5
saao_saa16,P336782,52,19,6
saao_saa16,P336783,55,25,11
saao_saa16,P336784,142,29,14
saao_saa16,P336785,24,12,5
saao_saa16,P336786,23,7,4
saao_saa16,P336787,17,8,3
saao_saa16,P336802,77,38,17
saao_saa17,P236889,67,10,8
saao_saa17,P236891,31,31,10
saao_saa17,P236892,140,41,16
saao_saa17,P236894,120,21,9
saao_saa17,P236913,329,132,47
saao_saa17,P236963,67,43,19
saao_saa17,P237051,255,135,30
saao_saa17,P237075,149,149,20
saao_saa17,P237076,176,94,23
saao_saa17,P237090,56,36,16
saao_saa17,P237107,591,112,49
saao_saa17,P237181,102,50,19
saao_saa17,P237192,83,42,18
saao_saa17,P237207,120,40,12
saao_saa17,P237240,60,60,14
saao_saa17,P237251,67,40,18
saao_saa17,P237259,209,167,42
saao_saa17,P237326,220,38,19
saao_saa17,P237440,112,22,9
saao_saa17,P237453,189,101,21
saao_saa17,P237514,73,30,13
saao_saa17,P237542,257,120,34
saao_saa17,P237554,122,22,11
saao_saa17,P237651,232,224,26
saao_saa17,P237680,107,17,13
saao_saa17,P237730,54,35,11
saao_saa17,P237783,251,231,27
saao_saa17,P237788,159,95,18
saao_saa17,P237819,46,45,12
saao_saa17,P237829,138,77,16
saao_saa17,P237830,122,94,19
saao_saa17,P237832,117,95,16
saao_saa17,P237833,118,84,26
saao_saa17,P237834,208,202,41
saao_saa17,P237836,59,59,18
saao_saa17,P237843,114,100,20
saao_saa17,P237847,182,130,21
saao_saa17,P237901,70,69,12
saao_saa17,P237905,232,168,25
saao_saa17,P237906,110,110,20
saao_saa17,P237907,98,83,15
saao_saa17,P237911,78,60,16
saao_saa17,P237916,29,29,10
saao_saa17,P237922,46,35,16
saao_saa17,P237925,43,36,12
saao_saa17,P237927,128,60,14
saao_saa17,P237933,62,42,20
saao_saa17,P237936,57,52,13
saao_saa17,P237939,98,81,29
saao_saa17,P237946,80,46,16
saao_saa17,P237959,177,101,18
saao_saa17,P237960,107,90,35
saao_saa17,P237963,140,140,16
saao_saa17,P237968,107,73,22
saao_saa17,P237978,82,71,21
saao_saa17,P237983,61,52,18
saao_saa17,P237986,75,45,20
saao_saa17,P237989,91,61,21
saao_saa17,P237990,201,114,26
saao_saa17,P237993,76,50,12
saao_saa17,P237994,184,80,23
saao_saa17,P237996,34,34,13
saao_saa17,P238004,98,83,19
saao_saa17,P238006,33,32,14
saao_saa17,P238007,69,29,14
saao_saa17,P238011,97,34,17
saao_saa17,P238014,420,161,51
saao_saa17,P238056,48,46,13
saao_saa17,P238057,171,136,21
saao_saa17,P238080,42,23,13
saao_saa17,P238083,537,257,30
saao_saa17,P238098,161,56,28
saao_saa17,P238099,133,35,19
saao_saa17,P238100,974,256,46
saao_saa17,P238103,180,54,22
saao_saa17,P238116,386,147,28
saao_saa17,P238118,39,15,9
saao_saa17,P238119,87,34,16
saao_saa17,P238121,78,48,14
saao_saa17,P238128,65,38,14
saao_saa17,P238317,210,151,44
saao_saa17,P238331,212,74,21
saao_saa17,P238334,243,58,15
saao_saa17,P238347,403,143,47
saao_saa17,P238349,397,132,47
saao_saa17,P238350,211,58,21
saao_saa17,P238352,199,106,28
saao_saa17,P238354,175,102,22
saao_saa17,P238355,182,115,34
saao_saa17,P238365,133,69,27
saao_saa17,P238373,80,36,13
saao_saa17,P238385,326,151,44
saao_saa17,P238390,131,51,22
saao_saa17,P238427,174,26,19
saao_saa17,P238431,32,32,8
saao_saa17,P238436,35,21,13
saao_saa17,P238437,56,30,14
saao_saa17,P238439,19,19,7
saao_saa17,P238440,346,168,29
saao_saa17,P238441,116,49,13
saao_saa17,P238443,33,15,10
saao_saa17,P238444,169,81,34
saao_saa17,P238445,225,63,24
saao_saa17,P238449,36,24,7
saao_saa17,P238453,147,81,18
saao_saa17,P238455,220,93,30
saao_saa17,P238457,146,58,21
saao_saa17,P238468,29,14,8
saao_saa17,P238470,56,20,9
saao_saa17,P238481,74,9,9
saao_saa17,P238482,128,37,15
saao_saa17,P238483,142,78,29
saao_saa17,P238486,261,38,28
saao_saa17,P238500,111,33,15
saao_saa17,P238503,263,53,27
saao_saa17,P238504,46,27,11
saao_saa17,P238509,110,30,16
saao_saa17,P238510,104,49,25
saao_saa17,P238511,113,23,21
saao_saa17,P238518,51,45,13
saao_saa17,P238519,34,20,7
saao_saa17,P238599,165,21,14
saao_saa17,P238645,151,128,30
saao_saa17,P238647,154,44,13
saao_saa17,P238648,403,302,38
saao_saa17,P238656,253,67,20
saao_saa17,P238660,207,56,19
saao_saa17,P238665,327,65,20
saao_saa17,P238667,48,31,12
saao_saa17,P238669,55,6,7
saao_saa17,P238677,199,25,12
saao_saa17,P238682,45,21,10
saao_saa17,P238683,406,119,40
saao_saa17,P238701,31,14,7
saao_saa17,P238712,59,35,15
saao_saa17,P238713,210,127,26
saao_saa17,P238715,117,87,24
saao_saa17,P238718,32,32,15
saao_saa17,P238724,254,125,28
saao_saa17,P238726,220,134,40
saao_saa17,P238839,164,62,13
saao_saa17,P238844,155,29,13
saao_saa17,P238854,172,37,15
saao_saa17,P239020,69,17,10
saao_saa17,P239023,263,52,16
saao_saa17,P239161,112,46,13
saao_saa17,P239163,74,39,12
saao_saa17,P239168,71,19,10
saao_saa17,P239170,94,17,13
saao_saa17,P239171,325,76,23
saao_saa17,P239177,69,37,13
saao_saa17,P239178,86,14,10
saao_saa17,P239179,45,28,7
saao_saa17,P239180,72,15,8
saao_saa17,P239182,38,18,9
saao_saa17,P239190,77,9,9
saao_saa17,P239191,71,25,7
saao_saa17,P239283,12,12,6
saao_saa17,P239286,76,26,8
saao_saa17,P239288,115,16,9
saao_saa17,P239290,36,3,5
saao_saa17,P239295,69,16,7
saao_saa17,P239306,79,22,12
saao_saa17,P239346,43,30,6
saao_saa17,P239348,347,97,39
saao_saa17,P239352,140,50,21
saao_saa17,P239355,66,28,7
saao_saa17,P239392,32,11,4
saao_saa17,P239395,37,27,9
saao_saa17,P239398,139,31,19
saao_saa17,P239399,46,6,8
saao_saa17,P239403,57,17,13
saao_saa17,P239415,76,19,9
saao_saa17,P239416,210,43,16
saao_saa17,P239417,79,11,9
saao_saa17,P239428,68,18,8
saao_saa17,P239449,39,17,10
saao_saa17,P239463,45,24,7
saao_saa17,P239466,36,2,4
saao_saa17,P239468,638,224,34
saao_saa17,P239878,53,19,10
saao_saa17,P239973,62,6,10
saao_saa17,P240131,78,43,15
saao_saa17,P240133,81,81,15
saao_saa17,P240148,70,63,12
saao_saa17,P240149,94,78,29
saao_saa17,P240177,271,93,26
saao_saa17,P240182,236,101,27
saao_saa17,P240184,84,20,12
saao_saa17,P240213,20,20,11
saao_saa17,P240217,118,31,14
saao_saa17,P240228,229,25,14
saao_saa17,P240255,185,93,34
saao_saa17,P240261,126,80,9
saao_saa17,P240284,337,101,41
saao_saa17,P240285,41,27,12
saao_saa17,P240308,78,22,9
saao_saa17,P240311,119,79,18
saao_saa17,P240360,144,47,22
saao_saa17,P240426,129,27,17
saao_saa17,P240432,85,56,22
saao_saa17,P334701,96,93,25
saao_saa17,P334712,153,31,18
saao_saa17,P334717,103,34,22
saao_saa17,P336156,144,40,21
saao_saa17,P385923,135,36,15
saao_saa17,P396013,104,41,18
saao_saa18,P236868,242,177,25
saao_saa18,P236871,358,151,44
saao_saa18,P236908,136,71,28
saao_saa18,P236909,141,95,27
saao_saa18,P236911,102,44,20
saao_saa18,P236912,121,109,27
saao_saa18,P236914,99,99,11
saao_saa18,P236962,116,74,27
saao_saa18,P236983,158,55,28
saao_saa18,P236985,64,26,10
saao_saa18,P237026,92,27,10
saao_saa18,P237046,176,136,18
saao_saa18,P237077,172,32,17
saao_saa18,P237109,207,176,15
saao_saa18,P237177,497,160,30
saao_saa18,P237183,104,58,25
saao_saa18,P237193,93,61,10
saao_saa18,P237196,52,24,11
saao_saa18,P237197,140,46,12
saao_saa18,P237205,44,15,8
saao_saa18,P237241,73,63,20
saao_saa18,P237245,31,31,12
saao_saa18,P237250,100,79,15
saao_saa18,P237253,268,206,52
saao_saa18,P237256,186,129,36
saao_saa18,P237257,197,98,29
saao_saa18,P237258,142,66,15
saao_saa18,P237260,199,138,35
saao_saa18,P237263,191,91,14
saao_saa18,P237266,53,53,14
saao_saa18,P237268,24,16,9
saao_saa18,P237271,168,89,25
saao_saa18,P237272,115,79,31
saao_saa18,P237282,107,64,14
saao_saa18,P237324,82,74,13
saao_saa18,P237325,208,47,14
saao_saa18,P237327,139,74,12
saao_saa18,P237328,88,49,17
saao_saa18,P237332,65,40,11
saao_saa18,P237333,12,12,6
saao_saa18,P237334,255,80,34
saao_saa18,P237368,110,39,13
saao_saa18,P237390,53,42,12
saao_saa18,P237391,59,35,18
saao_saa18,P237401,66,36,10
saao_saa18,P237414,68,16,9
saao_saa18,P237415,126,25,11
saao_saa18,P237421,190,32,9
saao_saa18,P237429,70,32,7
saao_saa18,P237430,207,28,18
saao_saa18,P237436,103,19,10
saao_saa18,P237451,322,103,28
saao_saa18,P237452,577,100,51
saao_saa18,P237528,231,119,22
saao_saa18,P237546,102,87,30
saao_saa18,P237552,88,55,23
saao_saa18,P237560,102,17,12
saao_saa18,P237562,218,60,25
saao_saa18,P237581,271,120,23
saao_saa18,P237645,120,46,19
saao_saa18,P237652,258,189,24
saao_saa18,P237657,167,106,27
saao_saa18,P237658,99,40,16
saao_saa18,P237664,80,58,18
saao_saa18,P237671,90,14,8
saao_saa18,P237679,48,14,4
saao_saa18,P237681,25,21,6
saao_saa18,P237682,132,86,26
saao_saa18,P237685,78,30,9
saao_saa18,P237687,91,84,17
saao_saa18,P237692,63,19,7
saao_saa18,P237705,90,18,7
saao_saa18,P237735,128,31,13
saao_saa18,P237748,65,23,7
saao_saa18,P237765,338,335,29
saao_saa18,P237776,111,111,19
saao_saa18,P237777,85,73,25
saao_saa18,P237800,269,187,35
saao_saa18,P237812,88,68,28
saao_saa18,P237816,59,59,15
saao_saa18,P237817,39,39,11
saao_saa18,P237818,90,90,18
saao_saa18,P237820,110,108,16
saao_saa18,P237821,149,148,22
saao_saa18,P237824,164,151,22
saao_saa18,P237828,75,75,12
saao_saa18,P237831,118,85,18
saao_saa18,P237837,127,104,18
saao_saa18,P237838,83,81,16
saao_saa18,P237839,271,202,26
saao_saa18,P237840,168,157,20
saao_saa18,P237844,279,143,22
saao_saa18,P237845,164,134,38
saao_saa18,P237932,66,61,15
saao_saa18,P237947,189,97,34
saao_saa18,P237965,191,160,23
saao_saa18,P237970,48,39,15
saao_saa18,P237972,37,25,12
saao_saa18,P237977,87,65,28
saao_saa18,P237979,114,58,22
saao_saa18,P237980,201,145,28
saao_saa18,P237982,76,44,20
saao_saa18,P237988,74,47,17
saao_saa18,P237992,37,30,12
saao_saa18,P237997,52,41,13
saao_saa18,P237999,311,155,37
saao_saa18,P238000,272,36,14
saao_saa18,P238001,133,76,24
saao_saa18,P238005,63,40,18
saao_saa18,P238010,108,106,14
saao_saa18,P238012,47,46,13
saao_saa18,P238016,207,168,25
saao_saa18,P238053,161,141,33
saao_saa18,P238075,221,60,29
saao_saa18,P238077,310,159,42
saao_saa18,P238105,564,136,58
saao_saa18,P238110,260,157,22
saao_saa18,P238129,93,15,10
saao_saa18,P238131,220,31,18
saao_saa18,P238135,54,8,7
saao_saa18,P238201,810,376,62
saao_saa18,P238248,186,65,17
saao_saa18,P238335,56,30,12
saao_saa18,P238343,115,69,26
saao_saa18,P238351,485,174,51
saao_saa18,P238353,135,99,30
saao_saa18,P238380,196,49,15
saao_saa18,P238418,48,34,9
saao_saa18,P238421,83,20,18
saao_saa18,P238425,79,40,11
saao_saa18,P238447,83,47,17
saao_saa18,P238450,486,81,22
saao_saa18,P238452,511,65,18
saao_saa18,P238460,80,17,7
saao_saa18,P238461,92,31,12
saao_saa18,P238478,120,30,10
saao_saa18,P238479,59,31,13
saao_saa18,P238489,70,49,13
saao_saa18,P238491,40,12,10
saao_saa18,P238496,101,45,16
saao_saa18,P238498,168,72,37
saao_saa18,P238499,155,24,14
saao_saa18,P238506,215,63,20
saao_saa18,P238514,295,24,12
saao_saa18,P238527,141,57,11
saao_saa18,P238535,109,17,11
saao_saa18,P238646,308,140,25
saao_saa18,P238652,108,27,17
saao_saa18,P238655,179,38,26
saao_saa18,P238657,62,27,14
saao_saa18,P238661,96,23,7
saao_saa18,P238666,94,32,18
saao_saa18,P238668,114,17,14
saao_saa18,P238676,232,89,24
saao_saa18,P238727,243,124,20
saao_saa18,P238753,105,72,16
saao_saa18,P238758,516,297,21
saao_saa18,P238858,85,35,7
saao_saa18,P238937,103,12,10
saao_saa18,P239045,143,30,12
saao_saa18,P239167,109,21,12
saao_saa18,P239176,220,47,22
saao_saa18,P239186,83,8,13
saao_saa18,P239188,195,50,14
saao_saa18,P239219,58,8,11
saao_saa18,P239248,92,22,9
saao_saa18,P239258,30,30,7
saao_saa18,P239284,52,18,14
saao_saa18,P239287,35,5,7
saao_saa18,P239291,86,7,7
saao_saa18,P239293,61,12,8
saao_saa18,P239303,79,17,12
saao_saa18,P239313,78,14,11
saao_saa18,P239328,183,18,20
saao_saa18,P239344,53,11,11
saao_saa18,P239347,86,31,12
saao_saa18,P239357,70,14,9
saao_saa18,P239359,123,9,13
saao_saa18,P239386,62,8,7
saao_saa18,P239402,115,10,14
saao_saa18,P239447,47,12,8
saao_saa18,P239450,54,2,5
saao_saa18,P239452,35,7,6
saao_saa18,P239455,61,7,8
saao_saa18,P239462,32,5,5
saao_saa18,P239799,63,9,6
saao_saa18,P239872,126,19,11
saao_saa18,P239969,78,20,9
saao_saa18,P240130,200,120,28
saao_saa18,P240132,47,25,10
saao_saa18,P240245,76,17,15
saao_saa18,P240254,132,51,11
saao_saa18,P240292,90,6,6
saao_saa18,P240331,64,64,14
saao_saa18,P240349,53,35,12
saao_saa18,P240376,142,41,17
saao_saa18,P240381,76,21,20
saao_saa18,P240408,126,17,11
saao_saa18,P240444,233,89,19
saao_saa18,P240445,56,21,9
saao_saa18,P334274,262,106,21
saao_saa18,P336157,154,55,18
saao_saa18,P336788,68,9,9
saao_saa19,P224378,168,53,22
saao_saa19,P224379,136,39,18
saao_saa19,P224380,41,31,10
saao_saa19,P224381,72,31,14
saao_saa19,P224382,73,73,17
saao_saa19,P224383,102,93,21
saao_saa19,P224385,181,29,14
saao_saa19,P224386,44,44,16
saao_saa19,P224387,242,26,14
saao_saa19,P224388,131,48,13
saao_saa19,P224389,21,17,11
saao_saa19,P224390,57,38,13
saao_saa19,P224391,94,39,22
saao_saa19,P224393,76,58,23
saao_saa19,P224394,30,30,9
saao_saa19,P224396,51,41,13
saao_saa19,P224397,96,59,16
saao_saa19,P224398,130,48,15
saao_saa19,P224399,104,39,18
saao_saa19,P224400,94,64,14
saao_saa19,P224401,48,41,11
saao_saa19,P224402,99,62,28
saao_saa19,P224404,44,32,20
saao_saa19,P224405,261,244,31
saao_saa19,P224406,35,28,15
saao_saa19,P224407,91,34,10
saao_saa19,P224408,41,23,11
saao_saa19,P224409,72,21,19
saao_saa19,P224410,102,55,13
saao_saa19,P224411,50,38,10
saao_saa19,P224412,134,72,18
saao_saa19,P224413,140,98,35
saao_saa19,P224414,55,51,14
saao_saa19,P224415,91,79,16
saao_saa19,P224416,165,51,19
saao_saa19,P224418,92,58,16
saao_saa19,P224419,51,48,12
saao_saa19,P224420,70,42,18
saao_saa19,P224421,103,66,29
saao_saa19,P224422,32,32,13
saao_saa19,P224423,56,34,17
saao_saa19,P224424,53,45,22
saao_saa19,P224425,47,14,6
saao_saa19,P224426,25,23,11
saao_saa19,P224427,104,59,20
saao_saa19,P224428,78,52,22
saao_saa19,P224429,92,74,23
saao_saa19,P224430,125,69,16
saao_saa19,P224432,153,128,24
saao_saa19,P224434,24,16,6
saao_saa19,P224435,45,45,14
saao_saa19,P224436,342,197,47
saao_saa19,P224437,181,99,40
saao_saa19,P224438,63,56,21
saao_saa19,P224440,234,190,30
saao_saa19,P224441,153,142,23
saao_saa19,P224442,168,100,29
saao_saa19,P224443,24,23,7
saao_saa19,P224444,31,26,11
saao_saa19,P224445,39,39,12
saao_saa19,P224446,83,71,16
saao_saa19,P224448,43,43,13
saao_saa19,P224450,99,69,14
saao_saa19,P224451,44,22,7
saao_saa19,P224452,249,101,39
saao_saa19,P224453,68,42,19
saao_saa19,P224454,125,83,26
saao_saa19,P224455,109,41,22
saao_saa19,P224456,242,153,26
saao_saa19,P224457,172,152,22
saao_saa19,P224458,299,183,47
saao_saa19,P224459,436,108,30
saao_saa19,P224460,43,41,11
saao_saa19,P224461,161,102,19
saao_saa19,P224462,116,46,15
saao_saa19,P224463,73,63,16
saao_saa19,P224464,152,116,21
saao_saa19,P224465,93,78,15
saao_saa19,P224466,25,25,10
saao_saa19,P224467,171,120,17
saao_saa19,P224468,150,40,15
saao_saa19,P224469,134,83,24
saao_saa19,P224470,259,196,29
saao_saa19,P224471,185,182,27
saao_saa19,P224472,301,81,39
saao_saa19,P224473,389,250,59
saao_saa19,P224475,48,48,13
saao_saa19,P224476,35,34,10
saao_saa19,P224477,75,46,16
saao_saa19,P224479,18,18,8
saao_saa19,P224480,83,36,15
saao_saa19,P224481,25,24,10
saao_saa19,P224482,144,20,11
saao_saa19,P224484,54,53,15
saao_saa19,P224486,140,106,22
saao_saa19,P224488,144,43,16
saao_saa19,P224489,82,77,16
saao_saa19,P224490,107,49,27
saao_saa19,P224491,174,48,19
saao_saa19,P224492,57,56,14
saao_saa19,P224493,132,105,21
saao_saa19,P224494,187,54,25
saao_saa19,P224495,52,41,13
saao_saa19,P224496,326,162,43
saao_saa19,P224497,105,98,19
saao_saa19,P224498,52,51,13
saao_saa19,P224499,81,25,16
saao_saa19,P224500,26,26,14
saao_saa19,P224501,29,26,9
saao_saa19,P224502,24,24,8
saao_saa19,P224503,159,49,24
saao_saa19,P393604,100,98,18
saao_saa19,P393605,40,29,9
saao_saa19,P393606,40,23,10
saao_saa19,P393607,118,93,17
saao_saa19,P393608,56,51,12
saao_saa19,P393609,82,63,17
saao_saa19,P393610,25,21,11
saao_saa19,P393611,139,37,27
saao_saa19,P393612,78,59,20
saao_saa19,P393613,147,48,17
saao_saa19,P393614,114,83,31
saao_saa19,P393615,136,122,20
saao_saa19,P393616,57,27,14
saao_saa19,P393617,134,117,40
saao_saa19,P393619,85,58,22
saao_saa19,P393620,215,48,29
saao_saa19,P393621,122,40,12
saao_saa19,P393622,242,45,37
saao_saa19,P393623,52,50,15
saao_saa19,P393624,33,25,9
saao_saa19,P393625,19,19,8
saao_saa19,P393626,40,20,12
saao_saa19,P393627,144,128,20
saao_saa19,P393628,39,26,10
saao_saa19,P393629,43,16,10
saao_saa19,P393630,99,61,25
saao_saa19,P393631,87,80,18
saao_saa19,P393632,51,34,16
saao_saa19,P393633,67,32,16
saao_saa19,P393634,80,48,20
saao_saa19,P393635,91,88,18
saao_saa19,P393636,100,58,19
saao_saa19,P393637,53,30,15
saao_saa19,P393638,133,80,18
saao_saa19,P393639,261,134,43
saao_saa19,P393641,57,50,19
saao_saa19,P393642,135,41,12
saao_saa19,P393643,23,14,11
saao_saa19,P393644,37,35,11
saao_saa19,P393645,220,60,33
saao_saa19,P393646,93,54,26
saao_saa19,P393647,88,50,16
saao_saa19,P393648,22,20,8
saao_saa19,P393649,93,26,14
saao_saa19,P393650,57,55,12
saao_saa19,P393651,49,45,14
saao_saa19,P393652,45,45,11
saao_saa19,P393653,130,82,30
saao_saa19,P393654,84,81,17
saao_saa19,P393655,60,40,16
saao_saa19,P393656,104,72,21
saao_saa19,P393657,38,38,13
saao_saa19,P393658,58,30,19
saao_saa19,P393659,30,27,11
saao_saa19,P393660,323,100,20
saao_saa19,P393661,69,47,17
saao_saa19,P393662,137,59,24
saao_saa19,P393663,222,150,42
saao_saa19,P393664,48,40,16
saao_saa19,P393665,95,35,12
saao_saa19,P393667,49,26,9
saao_saa19,P393668,49,41,12
saao_saa19,P393669,48,25,15
saao_saa19,P393670,151,24,22
saao_saa19,P393671,34,34,11
saao_saa19,P393672,77,17,13
saao_saa19,P393673,103,75,27
saao_saa19,P393674,85,49,25
saao_saa19,P393675,79,78,16
saao_saa19,P393676,143,46,22
saao_saa19,P393678,60,39,18
saao_saa19,P393679,51,43,15
saao_saa19,P393680,64,64,15
saao_saa19,P393681,48,36,18
saao_saa19,P393682,167,161,21
saao_saa19,P393683,21,15,5
saao_saa19,P393684,208,47,19
saao_saa19,P393685,191,62,15
saao_saa19,P393686,89,43,18
saao_saa19,P393687,58,30,12
saao_saa19,P393688,73,50,11
saao_saa19,P393689,134,110,18
saao_saa19,P393690,268,53,33
saao_saa19,P393691,57,38,16
saao_saa19,P393692,38,13,7
saao_saa19,P393693,32,19,7
saao_saa19,P393694,99,22,11
saao_saa19,P393695,208,20,13
saao_saa19,P393696,65,32,16
saao_saa19,P393698,55,21,10
saao_saa19,P393699,16,10,7
saao_saa19,P393700,42,22,9
saao_saa19,P393702,134,44,14
saao_saa19,P393703,127,27,11
saao_saa19,P393704,79,37,15
saao_saa19,P393705,51,28,11
saao_saa19,P393707,66,30,13
saao_saa19,P393708,76,32,12
saao_saa19,P393709,121,48,17
saao_saa19,P415762,427,50,46
saao_saa19,P428930,132,90,31
saao_saa19,P428957,168,133,22
saao_saa19,P428966,60,59,17
saao_saa19,X190152,418,396,38
saao_saa19,X190153,30,27,7
saao_saa19,X190157,293,98,38
saao_saa19,X190159,204,126,29
saao_saa19,X190161,77,77,15
saao_saa19,X190170,136,115,19
saao_saa19,X190171,85,84,18
saao_saa19,X190173,175,117,22
saao_saa19,X190174,133,73,20
saao_saa19,X190189,127,86,23
saao_saa19,X190190,125,91,21
saao_saa19,X190191,299,161,22
saao_saa21,P236874,28,28,10
saao_saa21,P236876,98,47,13
saao_saa21,P236923,398,103,26
saao_saa21,P236935,62,29,11
saao_saa21,P236951,209,34,19
saao_saa21,P236959,119,18,9
saao_saa21,P236974,217,132,22
saao_saa21,P237020,195,42,13
saao_saa21,P237040,76,15,6
saao_saa21,P237044,166,17,18
saao_saa21,P237045,25,13,8
saao_saa21,P237105,79,79,16
saao_saa21,P237175,111,110,16
saao_saa21,P237176,39,39,12
saao_saa21,P237200,60,27,10
saao_saa21,P237225,531,117,25
saao_saa21,P237239,106,70,28
saao_saa21,P237243,51,51,15
saao_saa21,P237246,136,118,21
saao_saa21,P237248,190,137,34
saao_saa21,P237262,37,31,10
saao_saa21,P237273,94,58,15
saao_saa21,P237283,74,39,19
saao_saa21,P237330,50,29,9
saao_saa21,P237420,68,20,10
saao_saa21,P237459,122,62,24
saao_saa21,P237540,297,252,27
saao_saa21,P237555,45,38,17
saao_saa21,P237567,158,28,12
saao_saa21,P237573,52,15,8
saao_saa21,P237577,124,26,9
saao_saa21,P237638,86,71,19
saao_saa21,P237647,182,19,13
saao_saa21,P237659,59,52,18
saao_saa21,P237683,87,59,22
saao_saa21,P237688,87,65,27
saao_saa21,P237690,191,42,30
saao_saa21,P237691,142,131,22
saao_saa21,P237699,104,8,16
saao_saa21,P237715,154,42,12
saao_saa21,P237728,97,13,9
saao_saa21,P237746,118,43,19
saao_saa21,P237759,237,217,27
saao_saa21,P237779,102,92,17
saao_saa21,P237780,38,38,13
saao_saa21,P237902,133,129,19
saao_saa21,P237904,91,91,20
saao_saa21,P237941,44,41,12
saao_saa21,P237945,169,167,24
saao_saa21,P237954,102,67,32
saao_saa21,P237958,98,65,16
saao_saa21,P237974,24,19,8
saao_saa21,P237984,98,78,23
saao_saa21,P237991,30,25,7
saao_saa21,P238002,81,51,9
saao_saa21,P238003,57,42,14
saao_saa21,P238020,109,80,25
saao_saa21,P238021,49,41,8
saao_saa21,P238091,106,80,15
saao_saa21,P238114,42,7,7
saao_saa21,P238360,171,114,35
saao_saa21,P238413,104,65,15
saao_saa21,P238454,24,13,7
saao_saa21,P238459,98,48,10
saao_saa21,P238492,219,19,20
saao_saa21,P238493,426,140,27
saao_saa21,P238501,246,50,25
saao_saa21,P238512,107,25,18
saao_saa21,P238517,71,21,12
saao_saa21,P238523,55,27,11
saao_saa21,P238524,115,17,11
saao_saa21,P238525,60,14,10
saao_saa21,P238526,134,16,11
saao_saa21,P238641,85,20,12
saao_saa21,P238663,108,82,9
saao_saa21,P238684,203,21,24
saao_saa21,P238686,41,13,7
saao_saa21,P238687,68,17,13
saao_saa21,P238689,103,12,13
saao_saa21,P238714,226,77,25
saao_saa21,P239164,16,10,6
saao_saa21,P239175,36,6,6
saao_saa21,P239185,36,20,12
saao_saa21,P239216,45,30,7
saao_saa21,P239249,110,9,14
saao_saa21,P239277,106,13,9
saao_saa21,P239327,36,8,6
saao_saa21,P239391,47,6,5
saao_saa21,P239422,83,8,11
saao_saa21,P240197,113,59,21
saao_saa21,P240335,81,63,26
saao_saa21,P313555,67,27,11
saao_saa21,P313557,266,52,29
saao_saa21,P313663,85,64,13
saao_saa21,P313697,33,32,10
saao_saa21,P313786,63,23,12
saao_saa21,P313792,51,28,13
saao_saa21,P313816,481,100,21
saao_saa21,P313909,93,15,11
saao_saa21,P313914,198,22,12
saao_saa21,P314031,46,9,7
saao_saa21,P314076,43,14,7
saao_saa21,P314078,55,3,8
saao_saa21,P314277,28,18,7
saao_saa21,P314317,102,66,15
saao_saa21,P314340,110,55,9
saao_saa21,P314362,94,21,17
saao_saa21,P314377,286,75,35
saao_saa21,P393748,175,174,24
saao_saa21,P393750,56,56,14
saao_saa21,P393751,64,62,23
saao_saa21,P393780,153,142,21
saao_saa21,P393821,107,80,17
saao_saa21,P393823,197,121,35
saao_saa21,P393831,46,45,14
saao_saa21,P393832,108,105,19
saao_saa21,P393839,178,175,24
saao_saa21,P393846,111,80,35
saao_saa21,P393853,363,154,22
saao_saa21,P393854,140,132,40
saao_saa21,P393867,55,32,14
saao_saa21,P393904,137,26,12
saao_saa21,P393916,157,121,32
saao_saa21,P393918,137,73,25
saao_saa21,P394734,296,106,21
saao_saa21,P395150,644,65,20
saao_saa21,P395471,320,99,28
saao_saa21,P395556,131,86,20
saao_saa21,P395621,51,22,11
saao_saa21,P395715,470,163,34
saao_saa21,P396041,103,42,16
saao_saa21,P399496,90,21,8
saao_saa21,P422081,103,101,17
saao_saa21,P422197,115,82,23
saao_saa21,P423161,207,207,41
saao_saa21,P424577,60,36,21
saao_saa21,P424868,93,51,14
saao_saa21,P425722,147,112,21
saao_saa21,P451961,39,39,13
saao_saa21,P451964,224,80,34
saao_saa21,P452064,121,71,30
saao_saa21,P452585,147,138,39
saao_saa21,P452644,104,42,23
saao_saa21,P452645,92,91,21
saao_saa21,P452647,18,14,6
saao_saa21,P452648,155,95,24
saao_saa21,P452649,207,168,23
saao_saa21,P452671,59,16,6
saao_saa21,P452718,104,40,11
saao_saa21,P452730,190,88,26
saao_saa21,P452738,174,68,26
saao_saa21,P452742,49,41,13
saao_saa21,P452777,82,32,13
saao_saa21,P452780,69,43,17
saao_saa21,P452784,85,46,18
saao_saa21,P452805,101,59,21
saao_saa21,P452858,75,16,11
saao_saa21,P452901,124,50,15
saao_saa21,Q009252,171,169,21
saao_saa21,X210106,427,169,31
saao_saa21,X211891,188,93,23
